{"cameraMode":{"drawMode":0,"name":"Shaded","section":"Shading Mode"},"sceneLighting":true,"audioPlay":false,"sceneViewState":{"m_AlwaysRefresh":false,"showFog":true,"showSkybox":true,"showFlares":true,"showImageEffects":true,"showParticleSystems":true,"showVisualEffectGraphs":true,"m_FxEnabled":true},"in2DMode":false,"pivot":{"x":8.677175521850586,"y":0.40128156542778017,"z":3.3840255737304689},"rotation":{"x":0.07477433979511261,"y":-0.8914952278137207,"z":0.16010119020938874,"w":0.41749024391174319},"size":1.5348002910614014,"orthographic":false}