{"cameraMode":{"drawMode":0,"name":"Shaded","section":"Shading Mode"},"sceneLighting":false,"audioPlay":false,"sceneViewState":{"m_AlwaysRefresh":false,"showFog":true,"showSkybox":false,"showFlares":true,"showImageEffects":true,"showParticleSystems":true,"showVisualEffectGraphs":true,"m_FxEnabled":true},"in2DMode":false,"pivot":{"x":494.1718444824219,"y":76.86786651611328,"z":-0.013737999834120274},"rotation":{"x":-0.001603473094291985,"y":0.9875251650810242,"z":-0.15714779496192933,"w":-0.010072356089949608},"size":11.432716369628907,"orthographic":false}